peptide,peptidoform,n_a,n_b,mean_a,mean_b,log2fc,p_value,cohens_d,contrast,fdr_bh
H3_27_40,H3_27_40 K27me2,11,9,1.3724550147876513,2.164013193259752,-1.1419770586568008,3.6000563091097255e-4,-2.148371549512994,BOT_vs_SEN,0.017460273099182168
H4_20_23,H4_20_23 K20me1,11,9,0.26583038789181895,-0.9220362730520514,1.7137293409810535,3.0125389285444096e-4,1.8602456705529065,BOT_vs_SEN,0.017460273099182168
H3_27_40,H3_27_40 unmod,11,9,0.6311056359595939,-0.8776256233481602,2.1766391058374572,0.0010855405502046128,2.045848943994251,BOT_vs_SEN,0.03509914445661582
H4_20_23,H4_20_23 K20me2,11,9,-3.5495871612919094,-1.1682735916203548,-3.435509277766747,0.00148409002113064,-1.5571581681431905,BOT_vs_SEN,0.03598918301241802
